relative_path,filename,extension,file_size_bytes,width,height,color_mode,has_alpha,file_sha256,modified_time,parent_folder,keywords,metadata_files,decode_error
五彩青蛙01.png,五彩青蛙01.png,.png,1729817,1024,1024,RGB,False,710c995414b116a0c296e164862441491310354576022792ccb702f60368abe9,2026-06-26T21:26:02.858153+08:00,.,五彩青蛙,,
大帆吊.png,大帆吊.png,.png,1617851,1448,1086,RGB,False,df2a4b0d58c995fd553eaa73cd7126f540f318e1bc51e0330fa3877547eb74c7,2026-06-26T19:52:13.550539+08:00,.,大帆吊,,
普通公子小丑01.jpeg,普通公子小丑01.jpeg,.jpeg,721558,2848,1600,RGB,False,4742df1866bfe9d70663e2a81c0b26f8d89ddb56f50de0535947085e1f9f6b99,2026-06-26T21:27:40.716572+08:00,.,普通公子小丑,,
普通公子小丑02.png,普通公子小丑02.png,.png,964516,1200,896,RGB,False,60dd450dde19d2a5822a9034b082924a74be423851984a9fada2b00304684560,2026-06-26T21:25:38.404544+08:00,.,普通公子小丑,,
澳洲仙.png,澳洲仙.png,.png,1777662,1536,1024,RGB,False,5c65ee8072503a3209091157a6cceb175a4ac1a551d252f48196f74836defcff,2026-06-26T19:57:57.956338+08:00,.,澳洲仙,,
澳洲黑公子小丑.png,澳洲黑公子小丑.png,.png,998829,1200,896,RGB,False,6498a0092856a17f0c8e15bb8dd129489a4aa1f6e2dcdc9bbdedadd7746d4334,2026-06-26T21:25:20.619159+08:00,.,澳洲黑公子小丑,,
粉蓝吊01.png,粉蓝吊01.png,.png,1186085,1200,896,RGB,False,428cf0d9c03717a94717535266b8b46c9a27bc44fbf1e786ce4136e268f36786,2026-06-26T21:28:18.163182+08:00,.,粉蓝吊,,
红奶嘴01.png,红奶嘴01.png,.png,1883170,1024,1024,RGB,False,76e6253d71f0387d1bbdea329d15f207fab695827b564c002b3a270757cb8da3,2026-06-26T21:27:01.385825+08:00,.,红奶嘴,,
红瓦片珊瑚01.png,红瓦片珊瑚01.png,.png,1620003,1024,1024,RGB,False,bba35a35a30f290760017290191ffe77309f5ed534474ea6de2af82d86be2419,2026-06-26T21:26:14.017294+08:00,.,红瓦片珊瑚,,
纽扣珊瑚01.png,纽扣珊瑚01.png,.png,1748630,1024,1024,RGB,False,5ed56437c71cafcc430f917a75b4fc54ad6bb8a3bb2cca5441c2f3f25aaaba4a,2026-06-26T21:26:49.607585+08:00,.,纽扣珊瑚,,
荧光榔头珊瑚01.png,荧光榔头珊瑚01.png,.png,1621724,1024,1024,RGB,False,a379023539ca158009cd80ba24f020a900f26409a36fa12f9d3034805cf5bbaf,2026-06-26T21:26:26.719725+08:00,.,荧光榔头珊瑚,,
荧光绿火柴珊瑚01.png,荧光绿火柴珊瑚01.png,.png,1669125,1024,1024,RGB,False,9e56657e681b8ac43f9f83c4b8bdbda8bcdbd0b5c6cd436e499d871d7f625857,2026-06-26T21:25:56.070972+08:00,.,荧光绿火柴珊瑚,,
蓝吊01.png,蓝吊01.png,.png,1625069,1024,1024,RGB,False,5b7e23246a2198e23bc28fe19d9f409b0a4ba3e6e09f49485f26b2419cc650b5,2026-06-26T21:26:41.656508+08:00,.,蓝吊,,
金毛吊.png,金毛吊.png,.png,1297790,1448,1086,RGB,False,60aef412a6af1c892f4f3754a2caedda070690aa5f399b24411b9a4d1ac8c002,2026-06-26T19:54:23.847349+08:00,.,金毛吊,,
黄金吊01.png,黄金吊01.png,.png,1213809,1024,1024,RGB,False,54f1a89fc9132cd9a4609242cb812e9203091a35495d804fecc3c2c90096fdfb,2026-06-26T21:26:36.360609+08:00,.,黄金吊,,
黄金吊02.jpeg,黄金吊02.jpeg,.jpeg,697716,2048,2048,RGB,False,fa1eebfd8c5bdc6274720ceb27ec6e96ec93a43f1c62594316a873c5984a2581,2026-06-26T21:27:54.376857+08:00,.,黄金吊,,
黄霞蝶.png,黄霞蝶.png,.png,1518337,1448,1086,RGB,False,4fd2aae7159b72d2848c97148fe12376b3ea6ea696e355f47bb639d89b80041c,2026-06-26T19:48:51.987345+08:00,.,黄霞蝶,,
01_今日待生成\219c1b40-e8e3-4387-99fe-42e78ae08b2d.png,219c1b40-e8e3-4387-99fe-42e78ae08b2d.png,.png,1961101,2172,724,RGB,False,ec780906f271d513f3e9feb354768ef1d17d535236e82248134da5b8d43183ab,2026-06-27T00:36:24.345877+08:00,01_今日待生成,219c1b40|e8e3|4387|99fe|42e78ae08b2d,,
01_今日待生成\76080d7c-8163-4f98-910d-45d908bb2d37.png,76080d7c-8163-4f98-910d-45d908bb2d37.png,.png,2657635,1448,1086,RGB,False,ed711abfa9bcede8813245049bec9140536191ccef5d31867c8384c1211e4376,2026-06-27T00:30:04.842746+08:00,01_今日待生成,76080d7c|8163|4f98|910d|45d908bb2d37,,
01_今日待生成\87dd62c8-c82a-4dde-b86f-381d8a2c7a34.png,87dd62c8-c82a-4dde-b86f-381d8a2c7a34.png,.png,2201184,1672,941,RGB,False,66bba3f5e7db082b83af7df09b905610d2117831bb150c3a7c628cc9ba0d5e1a,2026-06-22T22:32:51.450004+08:00,01_今日待生成,87dd62c8|c82a|4dde|b86f|381d8a2c7a34,,
01_今日待生成\001_sp_0007_001167_蓝眼食苔吊\B3E34E07-B504-4871-9CC3-64BE9C5F7433.PNG,B3E34E07-B504-4871-9CC3-64BE9C5F7433.PNG,.png,1909335,1536,1024,RGB,False,3f3f7614a61d480510e66296c007c78d30c16ba45fd19b29b903de3805d69775,2026-06-26T22:13:31+08:00,01_今日待生成\001_sp_0007_001167_蓝眼食苔吊,B3E34E07|B504|4871|9CC3|64BE9C5F7433,01_今日待生成\001_sp_0007_001167_蓝眼食苔吊\metadata.json|01_今日待生成\001_sp_0007_001167_蓝眼食苔吊\prompt.md|01_今日待生成\001_sp_0007_001167_蓝眼食苔吊\suggested_filename.txt|01_今日待生成\001_sp_0007_001167_蓝眼食苔吊\prompt.md|01_今日待生成\001_sp_0007_001167_蓝眼食苔吊\metadata.json|01_今日待生成\001_sp_0007_001167_蓝眼食苔吊\suggested_filename.txt|01_今日待生成\001_sp_0007_001167_蓝眼食苔吊\图片放这里.txt,
01_今日待生成\001_sp_0007_001167_蓝眼食苔吊\PNG图像.png,PNG图像.png,.png,2152481,1536,1024,RGB,False,b31bb88e100b919b9a85fd3060895101bbd819b551ff737a9465293b6a47cb91,2026-06-26T22:32:27+08:00,01_今日待生成\001_sp_0007_001167_蓝眼食苔吊,PNG图像,01_今日待生成\001_sp_0007_001167_蓝眼食苔吊\metadata.json|01_今日待生成\001_sp_0007_001167_蓝眼食苔吊\prompt.md|01_今日待生成\001_sp_0007_001167_蓝眼食苔吊\suggested_filename.txt|01_今日待生成\001_sp_0007_001167_蓝眼食苔吊\prompt.md|01_今日待生成\001_sp_0007_001167_蓝眼食苔吊\metadata.json|01_今日待生成\001_sp_0007_001167_蓝眼食苔吊\suggested_filename.txt|01_今日待生成\001_sp_0007_001167_蓝眼食苔吊\图片放这里.txt,
01_今日待生成\002_sp_0046_a47d69_八线龙\PNG图像.png,PNG图像.png,.png,1693460,1536,1024,RGB,False,b0752ffcfd181459cf1972b96c94efd46925babac0449f8ce4a56816bfd40dc8,2026-06-26T22:33:14+08:00,01_今日待生成\002_sp_0046_a47d69_八线龙,PNG图像,01_今日待生成\002_sp_0046_a47d69_八线龙\metadata.json|01_今日待生成\002_sp_0046_a47d69_八线龙\prompt.md|01_今日待生成\002_sp_0046_a47d69_八线龙\suggested_filename.txt|01_今日待生成\002_sp_0046_a47d69_八线龙\prompt.md|01_今日待生成\002_sp_0046_a47d69_八线龙\看看这张图片.md|01_今日待生成\002_sp_0046_a47d69_八线龙\metadata.json|01_今日待生成\002_sp_0046_a47d69_八线龙\suggested_filename.txt|01_今日待生成\002_sp_0046_a47d69_八线龙\图片放这里.txt,
01_今日待生成\003_sp_0043_fe9058_黄龙\PNG图像.png,PNG图像.png,.png,1722567,1536,1024,RGB,False,e3dc9cc1aac699e3317278960b3289d7bd5005f8d82911e11a78142d6a2f78f2,2026-06-26T22:33:31+08:00,01_今日待生成\003_sp_0043_fe9058_黄龙,PNG图像,01_今日待生成\003_sp_0043_fe9058_黄龙\metadata.json|01_今日待生成\003_sp_0043_fe9058_黄龙\prompt.md|01_今日待生成\003_sp_0043_fe9058_黄龙\suggested_filename.txt|01_今日待生成\003_sp_0043_fe9058_黄龙\prompt.md|01_今日待生成\003_sp_0043_fe9058_黄龙\看看这段聊天.md|01_今日待生成\003_sp_0043_fe9058_黄龙\metadata.json|01_今日待生成\003_sp_0043_fe9058_黄龙\suggested_filename.txt|01_今日待生成\003_sp_0043_fe9058_黄龙\图片放这里.txt,
01_今日待生成\004_sp_0044_31070f_石美人\PNG图像.png,PNG图像.png,.png,2331516,1536,1024,RGB,False,d19e4ca95e24e0c28b39015c5f2fe95df373948e65d4c0ccef49807007f9754f,2026-06-26T22:33:45+08:00,01_今日待生成\004_sp_0044_31070f_石美人,PNG图像,01_今日待生成\004_sp_0044_31070f_石美人\metadata.json|01_今日待生成\004_sp_0044_31070f_石美人\prompt.md|01_今日待生成\004_sp_0044_31070f_石美人\suggested_filename.txt|01_今日待生成\004_sp_0044_31070f_石美人\prompt.md|01_今日待生成\004_sp_0044_31070f_石美人\看看这段聊天.md|01_今日待生成\004_sp_0044_31070f_石美人\metadata.json|01_今日待生成\004_sp_0044_31070f_石美人\suggested_filename.txt|01_今日待生成\004_sp_0044_31070f_石美人\图片放这里.txt,
01_今日待生成\005_sp_0045_912806_虎纹仙\9c3be0541bc79cf585f8691d0577e78ebcf93df3 2.png,9c3be0541bc79cf585f8691d0577e78ebcf93df3 2.png,.png,2764208,1536,1024,RGB,False,2006857810bd08d6634968692fc831146f9d808fb18e89b8865712b263348b28,2026-06-26T22:34:15+08:00,01_今日待生成\005_sp_0045_912806_虎纹仙,9c3be0541bc79cf585f8691d0577e78ebcf93df3|2,01_今日待生成\005_sp_0045_912806_虎纹仙\metadata.json|01_今日待生成\005_sp_0045_912806_虎纹仙\prompt.md|01_今日待生成\005_sp_0045_912806_虎纹仙\suggested_filename.txt|01_今日待生成\005_sp_0045_912806_虎纹仙\prompt.md|01_今日待生成\005_sp_0045_912806_虎纹仙\metadata.json|01_今日待生成\005_sp_0045_912806_虎纹仙\suggested_filename.txt|01_今日待生成\005_sp_0045_912806_虎纹仙\图片放这里.txt,
01_今日待生成\005_sp_0045_912806_虎纹仙\PNG图像.png,PNG图像.png,.png,2464338,1536,1024,RGB,False,180a95865664a4eb712766c2515620c6a0ef0110f6e6ae8e4551e2db295b0113,2026-06-26T22:34:04+08:00,01_今日待生成\005_sp_0045_912806_虎纹仙,PNG图像,01_今日待生成\005_sp_0045_912806_虎纹仙\metadata.json|01_今日待生成\005_sp_0045_912806_虎纹仙\prompt.md|01_今日待生成\005_sp_0045_912806_虎纹仙\suggested_filename.txt|01_今日待生成\005_sp_0045_912806_虎纹仙\prompt.md|01_今日待生成\005_sp_0045_912806_虎纹仙\metadata.json|01_今日待生成\005_sp_0045_912806_虎纹仙\suggested_filename.txt|01_今日待生成\005_sp_0045_912806_虎纹仙\图片放这里.txt,
01_今日待生成\006_sp_0083_eec5f4_荧光绿草皮\PNG图像.png,PNG图像.png,.png,2990934,1536,1024,RGB,False,ebbeb9d58a5b65b9e6d62341e059922989b9a2b3eea679f379d99b4e44918fce,2026-06-26T22:36:36+08:00,01_今日待生成\006_sp_0083_eec5f4_荧光绿草皮,PNG图像,01_今日待生成\006_sp_0083_eec5f4_荧光绿草皮\metadata.json|01_今日待生成\006_sp_0083_eec5f4_荧光绿草皮\prompt.md|01_今日待生成\006_sp_0083_eec5f4_荧光绿草皮\suggested_filename.txt|01_今日待生成\006_sp_0083_eec5f4_荧光绿草皮\prompt.md|01_今日待生成\006_sp_0083_eec5f4_荧光绿草皮\metadata.json|01_今日待生成\006_sp_0083_eec5f4_荧光绿草皮\suggested_filename.txt|01_今日待生成\006_sp_0083_eec5f4_荧光绿草皮\图片放这里.txt,
01_今日待生成\007_sp_0406_642986_闪千手\PNG图像.png,PNG图像.png,.png,2343045,1536,1024,RGB,False,56ecd73be2477e6746d77d0e1ddd71ee1c4c942351c4ef6df563c43d6be67b6d,2026-06-26T22:38:57+08:00,01_今日待生成\007_sp_0406_642986_闪千手,PNG图像,01_今日待生成\007_sp_0406_642986_闪千手\metadata.json|01_今日待生成\007_sp_0406_642986_闪千手\prompt.md|01_今日待生成\007_sp_0406_642986_闪千手\suggested_filename.txt|01_今日待生成\007_sp_0406_642986_闪千手\prompt.md|01_今日待生成\007_sp_0406_642986_闪千手\metadata.json|01_今日待生成\007_sp_0406_642986_闪千手\suggested_filename.txt|01_今日待生成\007_sp_0406_642986_闪千手\图片放这里.txt,
01_今日待生成\008_sp_0003_8e7169_圣杯\PNG图像.png,PNG图像.png,.png,2768207,1536,1024,RGB,False,82ecd0566f87d8e36334f1e01555e8fca1e62467e1f251098c224bd3a7dcafd2,2026-06-26T23:28:41+08:00,01_今日待生成\008_sp_0003_8e7169_圣杯,PNG图像,01_今日待生成\008_sp_0003_8e7169_圣杯\metadata.json|01_今日待生成\008_sp_0003_8e7169_圣杯\prompt.md|01_今日待生成\008_sp_0003_8e7169_圣杯\suggested_filename.txt|01_今日待生成\008_sp_0003_8e7169_圣杯\prompt.md|01_今日待生成\008_sp_0003_8e7169_圣杯\metadata.json|01_今日待生成\008_sp_0003_8e7169_圣杯\suggested_filename.txt|01_今日待生成\008_sp_0003_8e7169_圣杯\图片放这里.txt,
01_今日待生成\009_sp_0011_4422c3_山脉金绿猪腰\PNG图像.png,PNG图像.png,.png,2643241,1536,1024,RGB,False,a9cfb1f31591f3945fa8ec559ee754782479fb999f6f325a0ed3ccee51d61b18,2026-06-26T22:47:05+08:00,01_今日待生成\009_sp_0011_4422c3_山脉金绿猪腰,PNG图像,01_今日待生成\009_sp_0011_4422c3_山脉金绿猪腰\metadata.json|01_今日待生成\009_sp_0011_4422c3_山脉金绿猪腰\prompt.md|01_今日待生成\009_sp_0011_4422c3_山脉金绿猪腰\suggested_filename.txt|01_今日待生成\009_sp_0011_4422c3_山脉金绿猪腰\prompt.md|01_今日待生成\009_sp_0011_4422c3_山脉金绿猪腰\metadata.json|01_今日待生成\009_sp_0011_4422c3_山脉金绿猪腰\suggested_filename.txt|01_今日待生成\009_sp_0011_4422c3_山脉金绿猪腰\图片放这里.txt,
01_今日待生成\010_sp_0353_fc1598_金菊脑\PNG图像.png,PNG图像.png,.png,3063820,1536,1024,RGB,False,b41ead6e8f376b33836eebab492fa05828ee79caca2ce6e199fcdb8a6421d08f,2026-06-26T23:22:04+08:00,01_今日待生成\010_sp_0353_fc1598_金菊脑,PNG图像,01_今日待生成\010_sp_0353_fc1598_金菊脑\metadata.json|01_今日待生成\010_sp_0353_fc1598_金菊脑\prompt.md|01_今日待生成\010_sp_0353_fc1598_金菊脑\suggested_filename.txt|01_今日待生成\010_sp_0353_fc1598_金菊脑\prompt.md|01_今日待生成\010_sp_0353_fc1598_金菊脑\metadata.json|01_今日待生成\010_sp_0353_fc1598_金菊脑\suggested_filename.txt|01_今日待生成\010_sp_0353_fc1598_金菊脑\图片放这里.txt,
